https://www.youtube.com/watch?v=Zk3VzIHZpGQ&amp;list=PLqW1DqFnltOLGUkapIS_SRmwR3cjN8Tzr&amp;index=1$Using Slido at Your Training, Workshop or Webinar: The Ultimate Guide$Ultimate Guides to Slido Use Cases
https://www.youtube.com/watch?v=qoYlMB5CkiQ&amp;list=PLqW1DqFnltOLGUkapIS_SRmwR3cjN8Tzr&amp;index=2$Using Slido at Your All-Hands Meeting: The Ultimate Guide$Ultimate Guides to Slido Use Cases
https://www.youtube.com/watch?v=TqZHb67kPTs&amp;list=PLqW1DqFnltOKGOIUacq0N1xIjsE4P09h-&amp;index=1$What is Slido?$Learn More About Slido
https://www.youtube.com/watch?v=qWwbuqNJaw8&amp;list=PLqW1DqFnltOKGOIUacq0N1xIjsE4P09h-&amp;index=2$Slido Demo | See How Slido Works$Learn More About Slido
https://www.youtube.com/watch?v=aDqWA7E-uYE&amp;list=PLqW1DqFnltOKGOIUacq0N1xIjsE4P09h-&amp;index=3$How to Create Your First Slido Event | Slido Academy$Learn More About Slido
https://www.youtube.com/watch?v=fLOl_Kg0aJc&amp;list=PLqW1DqFnltOKGOIUacq0N1xIjsE4P09h-&amp;index=4$How to Use Slido at Your Remote Meeting$Learn More About Slido
https://www.youtube.com/watch?v=msVFcrBEU1M&amp;list=PLqW1DqFnltOKGOIUacq0N1xIjsE4P09h-&amp;index=5$How to introduce Slido to your audience$Learn More About Slido
https://www.youtube.com/watch?v=TsZn2WfA3QI&amp;list=PLqW1DqFnltOKGOIUacq0N1xIjsE4P09h-&amp;index=6$Introducing Slido - the Ultimate Q&amp;A and Polling Platform$Learn More About Slido
https://www.youtube.com/watch?v=229GFEqDWrY&amp;list=PLqW1DqFnltOKGOIUacq0N1xIjsE4P09h-&amp;index=7$Slido Demo en Español$Learn More About Slido
https://www.youtube.com/watch?v=EcBQGYms5-k&amp;list=PLqW1DqFnltOKGOIUacq0N1xIjsE4P09h-&amp;index=8$Slido Demo auf Deutsch$Learn More About Slido
https://www.youtube.com/watch?v=_UEQvhYlRYs&amp;list=PLqW1DqFnltOKGOIUacq0N1xIjsE4P09h-&amp;index=9$Slido Demo en français$Learn More About Slido
https://www.youtube.com/watch?v=vDtkP3bfCSE&amp;list=PLqW1DqFnltOIKDBuFIRgT8gQepw989TaP&amp;index=1$Live Polling for PowerPoint | Slido for PowerPoint$Use Slido With Your Favorite Tools
https://www.youtube.com/watch?v=XrgR10cSUZY&amp;list=PLqW1DqFnltOIKDBuFIRgT8gQepw989TaP&amp;index=2$Live Polling for Google Slides | Slido for Google Slides$Use Slido With Your Favorite Tools
https://www.youtube.com/watch?v=o8cW4WqrooA&amp;list=PLqW1DqFnltOIKDBuFIRgT8gQepw989TaP&amp;index=3$Advanced Live Polling and Q&amp;A for Microsoft Teams | Slido for Teams$Use Slido With Your Favorite Tools
https://www.youtube.com/watch?v=MeSBB_ZCxAA&amp;list=PLqW1DqFnltOIKDBuFIRgT8gQepw989TaP&amp;index=4$How to Use Slido Integrated in Webex | TUTORIAL$Use Slido With Your Favorite Tools
https://www.youtube.com/watch?v=jPaJqfEzNBE&amp;list=PLqW1DqFnltOJPhAys9xAhjmARxHkbV4vO&amp;index=1$5 Best Practices for Remote-Friendly or Hybrid Meetings | SLIDO VLOG$SLIDO VLOG
https://www.youtube.com/watch?v=0hDwGu-aDCs&amp;list=PLqW1DqFnltOJPhAys9xAhjmARxHkbV4vO&amp;index=2$Top 5 Icebreakers that You Can Use at Your Virtual Meeting  | SLIDO VLOG #1$SLIDO VLOG
https://www.youtube.com/watch?v=RVKL7gzYQf4&amp;list=PLqW1DqFnltOJPhAys9xAhjmARxHkbV4vO&amp;index=3$Top 5 Virtual Team Building Activities for Remote Teams | SLIDO VLOG #8$SLIDO VLOG
https://www.youtube.com/watch?v=Atg-D3bwWuo&amp;list=PLqW1DqFnltOJPhAys9xAhjmARxHkbV4vO&amp;index=4$7 Live Polls to Boost Online Interaction | SLIDO VLOG #7$SLIDO VLOG
https://www.youtube.com/watch?v=7J-CIT9dSxc&amp;list=PLqW1DqFnltOJPhAys9xAhjmARxHkbV4vO&amp;index=5$How to Open Your Presentation | SLIDO VLOG #4$SLIDO VLOG
https://www.youtube.com/watch?v=QQhxYkC7wbg&amp;list=PLqW1DqFnltOJPhAys9xAhjmARxHkbV4vO&amp;index=6$5 Mistakes That Online Presenters Make | SLIDO VLOG #6$SLIDO VLOG
https://www.youtube.com/watch?v=RRMgCMJd9N4&amp;list=PLqW1DqFnltOJPhAys9xAhjmARxHkbV4vO&amp;index=7$8 Tips to Facilitate a Great Q&amp;A Session | SLIDO VLOG #3$SLIDO VLOG
https://www.youtube.com/watch?v=TPOyX-G6mDg&amp;list=PLqW1DqFnltOJPhAys9xAhjmARxHkbV4vO&amp;index=8$How to Run an Online Meeting or Event with Multiple Speakers | SLIDO VLOG #5$SLIDO VLOG
https://www.youtube.com/watch?v=-X8MaaoKMYU&amp;list=PLqW1DqFnltOJPhAys9xAhjmARxHkbV4vO&amp;index=9$Using the Power of Diverse Thinking to Improve Your Meetings with Bruce Daisley | SLIDO VLOG #9$SLIDO VLOG
https://www.youtube.com/watch?v=zUX7nNJtBpc&amp;list=PLqW1DqFnltOJPhAys9xAhjmARxHkbV4vO&amp;index=10$7 Tips for Running a Truly Engaging Webinar | SLIDO VLOG #2$SLIDO VLOG
https://www.youtube.com/watch?v=8EHYqHrtpRE&amp;list=PLqW1DqFnltOJPhAys9xAhjmARxHkbV4vO&amp;index=11$7 Last-Minute Ideas to Wrap up 2021 with Your Team | SLIDO VLOG #10$SLIDO VLOG
https://www.youtube.com/watch?v=o9OC3PawwG0&amp;list=PLqW1DqFnltOI0dpPM1aLolUF-8SxfUTXb&amp;index=1$Slido Product Updates | January and February 2021$Slido Product News
https://www.youtube.com/watch?v=SvEl4T3sK2E&amp;list=PLqW1DqFnltOI0dpPM1aLolUF-8SxfUTXb&amp;index=2$Ranking Poll (and 3 Tips on How to Use It)$Slido Product News
https://www.youtube.com/watch?v=7KhCypEhzIA&amp;list=PLqW1DqFnltOI0dpPM1aLolUF-8SxfUTXb&amp;index=3$Slido Product Event: The Future of Presentations$Slido Product News
https://www.youtube.com/watch?v=y9HOOJTTacI&amp;list=PLqW1DqFnltOI0dpPM1aLolUF-8SxfUTXb&amp;index=4$Slido Product Event Highlights$Slido Product News
https://www.youtube.com/watch?v=ZHMaQSrFoCU&amp;list=PLqW1DqFnltOI0dpPM1aLolUF-8SxfUTXb&amp;index=5$Slido Product Event: New features that make remote meetings more inclusive and engaging$Slido Product News
https://www.youtube.com/watch?v=7_01vuXxLTI&amp;list=PLqW1DqFnltOI0dpPM1aLolUF-8SxfUTXb&amp;index=6$Slido Product News: Adding Images to Polls, ISO Certification and others$Slido Product News
https://www.youtube.com/watch?v=fLOl_Kg0aJc&amp;list=PLqW1DqFnltOLUIAmeRV_sS3hcih9w9zxL&amp;index=1$How to Use Slido at Your Remote Meeting$Use Slido for Remote Meetings and Virtual Events
https://www.youtube.com/watch?v=CEpbErJHZrg&amp;list=PLqW1DqFnltOLUIAmeRV_sS3hcih9w9zxL&amp;index=2$How to Run a Fully Remote All hands Meeting | SLIDO WEBINAR$Use Slido for Remote Meetings and Virtual Events
https://www.youtube.com/watch?v=MibYeLA0JRU&amp;list=PLqW1DqFnltOLUIAmeRV_sS3hcih9w9zxL&amp;index=3$How to Run Truly Engaging PowerPoint Presentations | SLIDO WEBINAR$Use Slido for Remote Meetings and Virtual Events
https://www.youtube.com/watch?v=-RSDcR8tx24&amp;list=PLqW1DqFnltOLUIAmeRV_sS3hcih9w9zxL&amp;index=4$Creating Attendee Engagement During Virtual Events | Slido Webinar$Use Slido for Remote Meetings and Virtual Events
https://www.youtube.com/watch?v=Atg-D3bwWuo&amp;list=PLqW1DqFnltOLUIAmeRV_sS3hcih9w9zxL&amp;index=5$7 Live Polls to Boost Online Interaction | SLIDO VLOG #7$Use Slido for Remote Meetings and Virtual Events
https://www.youtube.com/watch?v=6Sn9GEprW70&amp;list=PLqW1DqFnltOK0w1TWPOyEl2O8buQMnoXQ&amp;index=1$Getting Started with Slido | SLIDO WEBINAR$Webinars
https://www.youtube.com/watch?v=MibYeLA0JRU&amp;list=PLqW1DqFnltOK0w1TWPOyEl2O8buQMnoXQ&amp;index=2$How to Run Truly Engaging PowerPoint Presentations | SLIDO WEBINAR$Webinars
https://www.youtube.com/watch?v=hKP3_84xwhE&amp;list=PLqW1DqFnltOK0w1TWPOyEl2O8buQMnoXQ&amp;index=3$The Essentials of Running Hybrid Meetings with Leanne Hughes | MASTERCLASS$Webinars
https://www.youtube.com/watch?v=CHduRM73V98&amp;list=PLqW1DqFnltOK0w1TWPOyEl2O8buQMnoXQ&amp;index=4$The Art of Meeting Facilitation | SLIDO MASTERCLASS$Webinars
https://www.youtube.com/watch?v=CEpbErJHZrg&amp;list=PLqW1DqFnltOK0w1TWPOyEl2O8buQMnoXQ&amp;index=5$How to Run a Fully Remote All hands Meeting | SLIDO WEBINAR$Webinars
https://www.youtube.com/watch?v=jcyC13Auqeo&amp;list=PLqW1DqFnltOK0w1TWPOyEl2O8buQMnoXQ&amp;index=6$A Practical Guide to Engaging Virtual Presentations with Slido | SLIDO WEBINAR$Webinars
https://www.youtube.com/watch?v=CV3uJ6b4hsU&amp;list=PLqW1DqFnltOK0w1TWPOyEl2O8buQMnoXQ&amp;index=7$How to Engage Your Remote Audience | SLIDO WEBINAR$Webinars
https://www.youtube.com/watch?v=JOaVo7WFEKM&amp;list=PLqW1DqFnltOK0w1TWPOyEl2O8buQMnoXQ&amp;index=8$Boosting Your Team's Morale: Virtual team-building activities | SLIDO WEBINAR$Webinars
https://www.youtube.com/watch?v=j8KVD5auGXM&amp;list=PLqW1DqFnltOK0w1TWPOyEl2O8buQMnoXQ&amp;index=9$Webinar: Engaging Your Students With Polls and Quizzes$Webinars
https://www.youtube.com/watch?v=-RSDcR8tx24&amp;list=PLqW1DqFnltOK0w1TWPOyEl2O8buQMnoXQ&amp;index=10$Creating Attendee Engagement During Virtual Events | Slido Webinar$Webinars
https://www.youtube.com/watch?v=SR0IjtMGHuQ&amp;list=PLqW1DqFnltOK0w1TWPOyEl2O8buQMnoXQ&amp;index=11$How to Captivate Your Online Audience with Nathan Gold$Webinars
https://www.youtube.com/watch?v=ZPEXbMABamg&amp;list=PLqW1DqFnltOK0w1TWPOyEl2O8buQMnoXQ&amp;index=12$Webinar: Conversational Presenting in the Classroom and Beyond$Webinars
https://www.youtube.com/watch?v=VR5ev6wJiJs&amp;list=PLqW1DqFnltOK0w1TWPOyEl2O8buQMnoXQ&amp;index=13$Introducing Slido for Education: Powering Two-way Interaction During Virtual Classes$Webinars
https://www.youtube.com/watch?v=hknX4s7xOWo&amp;list=PLqW1DqFnltOK0w1TWPOyEl2O8buQMnoXQ&amp;index=14$Redefining Connection to Create Community | Slido Webinar$Webinars
https://www.youtube.com/watch?v=NxbUVu5sGqY&amp;list=PLqW1DqFnltOK0w1TWPOyEl2O8buQMnoXQ&amp;index=15$Asynchronous Communication with Slido | SLIDO WEBINAR$Webinars
https://www.youtube.com/watch?v=g6FgcFYHE9Y&amp;list=PLqW1DqFnltOIn4VuUyloTpNwBVzZM7AWH&amp;index=1$Engage Students with Slido for Education$Slido for Education
https://www.youtube.com/watch?v=dSZDXw-JFg0&amp;list=PLqW1DqFnltOIn4VuUyloTpNwBVzZM7AWH&amp;index=2$Customer Story: Professor Richard Heyman, PhD.$Slido for Education
https://www.youtube.com/watch?v=ZPEXbMABamg&amp;list=PLqW1DqFnltOIn4VuUyloTpNwBVzZM7AWH&amp;index=3$Webinar: Conversational Presenting in the Classroom and Beyond$Slido for Education
https://www.youtube.com/watch?v=j8KVD5auGXM&amp;list=PLqW1DqFnltOIn4VuUyloTpNwBVzZM7AWH&amp;index=4$Webinar: Engaging Your Students With Polls and Quizzes$Slido for Education
https://www.youtube.com/watch?v=J8PxQnArW-8&amp;list=PLqW1DqFnltOIn4VuUyloTpNwBVzZM7AWH&amp;index=5$Hosting a Rockstar Webinar with Gibson Biddle$Slido for Education
https://www.youtube.com/watch?v=VR5ev6wJiJs&amp;list=PLqW1DqFnltOIn4VuUyloTpNwBVzZM7AWH&amp;index=6$Introducing Slido for Education: Powering Two-way Interaction During Virtual Classes$Slido for Education
https://www.youtube.com/watch?v=1I76dpqTzYE&amp;list=PLqW1DqFnltOIn4VuUyloTpNwBVzZM7AWH&amp;index=7$Slido Story: SXSW EDU$Slido for Education
https://www.youtube.com/watch?v=dSZDXw-JFg0&amp;list=PLqW1DqFnltOJg7chPliqfm-98JdIxBPgZ&amp;index=1$Customer Story: Professor Richard Heyman, PhD.$Slido Stories
https://www.youtube.com/watch?v=RZQ3b9GDiKw&amp;list=PLqW1DqFnltOJg7chPliqfm-98JdIxBPgZ&amp;index=2$Slido Story: London Ambulance Service$Slido Stories
https://www.youtube.com/watch?v=u7n55w_vLMg&amp;list=PLqW1DqFnltOJg7chPliqfm-98JdIxBPgZ&amp;index=3$Customer Story: Jan Mikulas from Swiss Re$Slido Stories
https://www.youtube.com/watch?v=1I76dpqTzYE&amp;list=PLqW1DqFnltOJg7chPliqfm-98JdIxBPgZ&amp;index=4$Slido Story: SXSW EDU$Slido Stories
https://www.youtube.com/watch?v=VYn6AEG9W1E&amp;list=PLqW1DqFnltOJg7chPliqfm-98JdIxBPgZ&amp;index=5$Slido Story: Festival of Marketing$Slido Stories
https://www.youtube.com/watch?v=gdmBjj6ymAw&amp;list=PLqW1DqFnltOJg7chPliqfm-98JdIxBPgZ&amp;index=6$Customer Story: Web Summit$Slido Stories
https://www.youtube.com/watch?v=y_L88cKnBy0&amp;list=PLqW1DqFnltOJg7chPliqfm-98JdIxBPgZ&amp;index=7$Michal Meško from Martinus | Slido Story$Slido Stories
https://www.youtube.com/watch?v=M345S8Wa_uQ&amp;list=PLqW1DqFnltOLiFdFX8hqHx6yQghM6tWfA&amp;index=1$How to Create Your First Slido Event | Slido Academy$Slido Academy
https://www.youtube.com/watch?v=iLLS-43c4vg&amp;list=PLqW1DqFnltOLiFdFX8hqHx6yQghM6tWfA&amp;index=2$How to Manage Polls with Slido | Tutorial$Slido Academy
https://www.youtube.com/watch?v=gA_H62oRmwY&amp;list=PLqW1DqFnltOLiFdFX8hqHx6yQghM6tWfA&amp;index=3$How to Manage Questions with Slido | Tutorial$Slido Academy
https://www.youtube.com/watch?v=iR2I_nKqecY&amp;list=PLqW1DqFnltOLiFdFX8hqHx6yQghM6tWfA&amp;index=4$How to create a quiz [1/2] | Slido Academy$Slido Academy
https://www.youtube.com/watch?v=KlsjSKRWYPg&amp;list=PLqW1DqFnltOLiFdFX8hqHx6yQghM6tWfA&amp;index=5$How to Run a Quiz with Your Audience in Slido [2/2] | Slido Academy$Slido Academy
https://www.youtube.com/watch?v=5andmF_O-mE&amp;list=PLqW1DqFnltOLiFdFX8hqHx6yQghM6tWfA&amp;index=6$Advanced Tips for Slido Quizzes | Slido Academy$Slido Academy
https://www.youtube.com/watch?v=V2eW7B7RbNc&amp;list=PLqW1DqFnltOLiFdFX8hqHx6yQghM6tWfA&amp;index=7$How to create a poll | Slido Academy$Slido Academy
https://www.youtube.com/watch?v=dtD0u0LKHx4&amp;list=PLqW1DqFnltOLiFdFX8hqHx6yQghM6tWfA&amp;index=8$Different types of polls | Slido Academy$Slido Academy
https://www.youtube.com/watch?v=Te_swZZZv14&amp;list=PLqW1DqFnltOLiFdFX8hqHx6yQghM6tWfA&amp;index=9$How to create a survey | Slido Academy$Slido Academy
https://www.youtube.com/watch?v=A--drz3nviA&amp;list=PLqW1DqFnltOLiFdFX8hqHx6yQghM6tWfA&amp;index=10$How to display Slido at your event using Present view | Slido Academy$Slido Academy
https://www.youtube.com/watch?v=v91Spc-fl9k&amp;list=PLqW1DqFnltOLiFdFX8hqHx6yQghM6tWfA&amp;index=11$How to introduce Slido | Slido Academy$Slido Academy
https://www.youtube.com/watch?v=R2r0alupCyE&amp;list=PLqW1DqFnltOLiFdFX8hqHx6yQghM6tWfA&amp;index=12$How to set up your Event code | Slido Academy$Slido Academy
https://www.youtube.com/watch?v=1oRDLw_ztsc&amp;list=PLqW1DqFnltOLiFdFX8hqHx6yQghM6tWfA&amp;index=13$How to moderate the incoming questions | Slido Academy$Slido Academy
https://www.youtube.com/watch?v=MlwEr4Yrpmo&amp;list=PLqW1DqFnltOLiFdFX8hqHx6yQghM6tWfA&amp;index=14$How to manage live questions | Slido Academy$Slido Academy
https://www.youtube.com/watch?v=d6q2mkvvGNw&amp;list=PLqW1DqFnltOLiFdFX8hqHx6yQghM6tWfA&amp;index=15$Advanced tips for Questions | Slido Academy$Slido Academy
https://www.youtube.com/watch?v=4uWvdZbO04w&amp;list=PLqW1DqFnltOLiFdFX8hqHx6yQghM6tWfA&amp;index=16$Collect questions before your meeting | Slido Academy$Slido Academy
https://www.youtube.com/watch?v=SAMqTaY2oAk&amp;list=PLqW1DqFnltOLiFdFX8hqHx6yQghM6tWfA&amp;index=17$How to label audience questions | Slido Academy$Slido Academy
https://www.youtube.com/watch?v=qSobLxr9rDk&amp;list=PLqW1DqFnltOLiFdFX8hqHx6yQghM6tWfA&amp;index=18$Additional actions for questions | Slido Academy$Slido Academy
https://www.youtube.com/watch?v=1XtvV2CDuVQ&amp;list=PLqW1DqFnltOLiFdFX8hqHx6yQghM6tWfA&amp;index=19$How to brainstorm with your team using Ideas | Slido Academy$Slido Academy
https://www.youtube.com/watch?v=ujHoMOj2wg8&amp;list=PLqW1DqFnltOLiFdFX8hqHx6yQghM6tWfA&amp;index=20$How to customize the look of your event | Slido Academy$Slido Academy
https://www.youtube.com/watch?v=X-U1G7QdnY0&amp;list=PLqW1DqFnltOLiFdFX8hqHx6yQghM6tWfA&amp;index=21$How does Team Management work | Slido Academy$Slido Academy
https://www.youtube.com/watch?v=U50sNd0q1Ys&amp;list=PLqW1DqFnltOLiFdFX8hqHx6yQghM6tWfA&amp;index=22$How to share access to your event | Slido Academy$Slido Academy
https://www.youtube.com/watch?v=NznIe5ApTuA&amp;list=PLqW1DqFnltOLiFdFX8hqHx6yQghM6tWfA&amp;index=23$Set your event privacy | Slido Academy$Slido Academy
https://www.youtube.com/watch?v=GtcQ0uErCxQ&amp;list=PLqW1DqFnltOLiFdFX8hqHx6yQghM6tWfA&amp;index=24$How to set up multiple rooms in your event | Slido Academy$Slido Academy
https://www.youtube.com/watch?v=UqGgXPPbpeM&amp;list=PLqW1DqFnltOLiFdFX8hqHx6yQghM6tWfA&amp;index=25$Advanced tips for Polls | Slido Academy$Slido Academy
https://www.youtube.com/watch?v=EcDibCCPMig&amp;list=PLqW1DqFnltOLiFdFX8hqHx6yQghM6tWfA&amp;index=26$How to activate a poll | Slido Academy$Slido Academy
https://www.youtube.com/watch?v=knooZyF2j6s&amp;list=PLqW1DqFnltOLiFdFX8hqHx6yQghM6tWfA&amp;index=27$Adding an Image to Your Poll | Slido Academy$Slido Academy
https://www.youtube.com/watch?v=ekTVkMuRxrY&amp;list=PLqW1DqFnltOLiFdFX8hqHx6yQghM6tWfA&amp;index=28$What is Infographic | Slido Academy$Slido Academy
https://www.youtube.com/watch?v=KpYBxfwGAe0&amp;list=PLqW1DqFnltOLiFdFX8hqHx6yQghM6tWfA&amp;index=29$Export your data | Slido Academy$Slido Academy
https://www.youtube.com/watch?v=Hx4pPH1yrMU&amp;list=PLqW1DqFnltOLiFdFX8hqHx6yQghM6tWfA&amp;index=30$Find your data in the Analytics | Slido Academy$Slido Academy
